lap_no,position,driver_no,lap_time,lap_time_sec,gap
1,1,77,1:34.571,94.571,
1,2,5,1:35.943,95.943,1.372
1,3,16,1:37.570,97.57,2.999
1,4,44,1:37.881,97.881,3.310
1,5,55,1:39.200,99.2,4.629
1,6,4,1:40.013,100.013,5.442
1,7,23,1:40.558,100.558,5.987
1,8,10,1:41.359,101.359,6.788
1,9,18,1:41.898,101.898,7.327
1,10,27,1:42.139,102.139,7.568
1,11,11,1:42.821,102.821,8.250
1,12,99,1:43.548,103.548,8.977
1,13,20,1:44.206,104.206,9.635
1,14,8,1:44.665,104.665,10.094
1,15,7,1:45.158,105.158,10.587
1,16,3,1:45.391,105.391,10.820
1,17,26,1:45.922,105.922,11.351
1,18,33,1:46.658,106.658,12.087
1,19,63,1:47.714,107.714,13.143
1,20,88,1:49.502,109.502,14.931
2,1,77,1:34.600,94.6,
2,2,5,1:34.549,94.549,1.321
2,3,16,1:35.314,95.314,3.713
2,4,44,1:35.402,95.402,4.112
2,5,55,1:36.089,96.089,6.118
2,6,4,1:36.708,96.708,7.550
2,7,23,1:36.527,96.527,7.914
2,8,10,1:37.074,97.074,9.262
2,9,18,1:37.142,97.142,9.869
2,10,27,1:37.446,97.446,10.414
2,11,11,1:37.455,97.455,11.105
2,12,99,1:37.631,97.631,12.008
2,13,20,1:37.920,97.92,12.955
2,14,8,1:37.986,97.986,13.480
2,15,7,1:38.163,98.163,14.150
2,16,3,1:38.216,98.216,14.436
2,17,26,1:38.223,98.223,14.974
2,18,33,1:38.122,98.122,15.609
2,19,63,1:38.422,98.422,16.965
2,20,88,1:39.314,99.314,19.645
3,1,77,1:34.195,94.195,
3,2,5,1:34.565,94.565,1.691
3,3,44,1:34.890,94.89,4.807
3,4,16,1:36.624,96.624,PIT
3,5,55,1:36.075,96.075,7.998
3,6,4,1:36.235,96.235,9.590
3,7,23,1:36.384,96.384,10.103
3,8,10,1:36.681,96.681,11.748
3,9,18,1:36.700,96.7,12.374
3,10,27,1:36.985,96.985,13.204
3,11,11,1:37.096,97.096,14.006
3,12,99,1:37.357,97.357,15.170
3,13,20,1:37.315,97.315,16.075
3,14,8,1:37.416,97.416,16.701
3,15,7,1:37.895,97.895,17.850
3,16,3,1:37.625,97.625,17.866
3,17,26,1:37.498,97.498,18.277
3,18,33,1:37.608,97.608,19.022
3,19,63,1:37.739,97.739,20.509
3,20,88,1:38.884,98.884,24.334
4,1,77,1:34.496,94.496,
4,2,5,1:34.646,94.646,1.841
4,3,44,1:34.565,94.565,4.876
4,4,55,1:35.988,95.988,9.490
4,5,23,1:36.353,96.353,11.960
4,6,10,1:36.413,96.413,13.665
4,7,18,1:36.597,96.597,14.475
4,8,4,1:39.822,99.822,PIT
4,9,27,1:36.748,96.748,15.456
4,10,11,1:36.568,96.568,16.078
4,11,99,1:37.012,97.012,17.686
4,12,20,1:37.217,97.217,18.796
4,13,8,1:37.732,97.732,19.937
4,14,3,1:36.741,96.741,20.111
4,15,7,1:37.890,97.89,21.244
4,16,26,1:37.785,97.785,21.566
4,17,33,1:38.075,98.075,22.601
4,18,63,1:38.117,98.117,24.130
4,19,88,1:38.735,98.735,28.573
4,20,16,2:01.142,121.142,32.788
5,1,77,1:34.384,94.384,
5,2,5,1:34.456,94.456,1.913
5,3,44,1:34.622,94.622,5.114
5,4,55,1:35.933,95.933,11.039
5,5,23,1:35.228,95.228,12.804
5,6,10,1:36.320,96.32,15.601
5,7,18,1:36.406,96.406,16.497
5,8,27,1:36.494,96.494,17.566
5,9,11,1:36.947,96.947,18.641
5,10,99,1:37.188,97.188,20.490
5,11,20,1:37.143,97.143,21.555
5,12,3,1:36.183,96.183,21.910
5,13,8,1:38.188,98.188,23.741
5,14,7,1:37.492,97.492,24.352
5,15,26,1:37.565,97.565,24.747
5,16,33,1:37.396,97.396,25.613
5,17,63,1:37.568,97.568,27.314
5,18,16,1:34.170,94.17,32.574
5,19,88,1:39.209,99.209,33.398
5,20,4,1:56.571,116.571,37.103
6,1,77,1:34.344,94.344,
6,2,5,1:34.920,94.92,2.489
6,3,44,1:34.464,94.464,5.234
6,4,55,1:35.855,95.855,12.550
6,5,23,1:35.372,95.372,13.832
6,6,10,1:35.913,95.913,17.170
6,7,18,1:36.043,96.043,18.196
6,8,27,1:36.316,96.316,19.538
6,9,11,1:36.530,96.53,20.827
6,10,99,1:37.152,97.152,23.298
6,11,3,1:36.123,96.123,23.689
6,12,20,1:38.286,98.286,25.497
6,13,8,1:37.332,97.332,26.729
6,14,7,1:37.520,97.52,27.528
6,15,26,1:37.659,97.659,28.062
6,16,33,1:37.461,97.461,28.730
6,17,63,1:38.082,98.082,31.052
6,18,16,1:34.705,94.705,32.935
6,19,88,1:39.326,99.326,38.380
6,20,4,1:35.655,95.655,38.414
7,1,77,1:34.669,94.669,
7,2,5,1:34.823,94.823,2.643
7,3,44,1:34.630,94.63,5.195
7,4,55,1:35.597,95.597,13.478
7,5,23,1:35.324,95.324,14.487
7,6,10,1:36.111,96.111,18.612
7,7,18,1:36.135,96.135,19.662
7,8,27,1:36.172,96.172,21.041
7,9,11,1:36.193,96.193,22.351
7,10,3,1:35.567,95.567,24.587
7,11,99,1:38.427,98.427,27.056
7,12,20,1:37.436,97.436,28.264
7,13,8,1:37.116,97.116,29.176
7,14,7,1:37.261,97.261,30.120
7,15,26,1:37.013,97.013,30.406
7,16,33,1:37.378,97.378,31.439
7,17,16,1:35.658,95.658,33.924
7,18,63,1:38.802,98.802,35.185
7,19,4,1:34.748,94.748,38.493
7,20,88,1:40.013,100.013,43.724
8,1,77,1:34.935,94.935,
8,2,5,1:34.899,94.899,2.607
8,3,44,1:34.667,94.667,4.927
8,4,55,1:35.962,95.962,14.505
8,5,23,1:35.758,95.758,15.310
8,6,10,1:36.275,96.275,19.952
8,7,18,1:36.381,96.381,21.108
8,8,27,1:36.261,96.261,22.367
8,9,11,1:36.296,96.296,23.712
8,10,3,1:36.083,96.083,25.735
8,11,99,1:37.115,97.115,29.236
8,12,20,1:37.244,97.244,30.573
8,13,8,1:37.315,97.315,31.556
8,14,7,1:37.223,97.223,32.408
8,15,26,1:37.393,97.393,32.864
8,16,33,1:37.789,97.789,34.293
8,17,16,1:35.647,95.647,34.636
8,18,63,1:37.938,97.938,38.188
8,19,4,1:35.780,95.78,39.338
8,20,88,1:39.422,99.422,48.211
9,1,77,1:34.652,94.652,
9,2,5,1:34.701,94.701,2.656
9,3,44,1:34.635,94.635,4.910
9,4,55,1:35.879,95.879,15.732
9,5,23,1:35.968,95.968,16.626
9,6,10,1:36.406,96.406,21.706
9,7,18,1:36.415,96.415,22.871
9,8,27,1:36.421,96.421,24.136
9,9,11,1:36.123,96.123,25.183
9,10,3,1:36.034,96.034,27.117
9,11,99,1:36.853,96.853,31.437
9,12,20,1:37.202,97.202,33.123
9,13,8,1:37.149,97.149,34.053
9,14,7,1:37.329,97.329,35.085
9,15,26,1:37.248,97.248,35.460
9,16,16,1:35.977,95.977,35.961
9,17,33,1:37.922,97.922,37.563
9,18,63,1:38.335,98.335,41.871
9,19,4,1:37.543,97.543,42.229
9,20,88,1:39.057,99.057,52.616
10,1,77,1:34.687,94.687,
10,2,5,1:35.082,95.082,3.051
10,3,44,1:34.856,94.856,5.079
10,4,55,1:36.094,96.094,17.139
10,5,23,1:36.053,96.053,17.992
10,6,10,1:36.225,96.225,23.244
10,7,18,1:36.239,96.239,24.423
10,8,27,1:36.392,96.392,25.841
10,9,11,1:36.401,96.401,26.897
10,10,3,1:36.061,96.061,28.491
10,11,99,1:37.085,97.085,33.835
10,12,20,1:37.318,97.318,35.754
10,13,8,1:37.333,97.333,36.699
10,14,7,1:37.099,97.099,37.497
10,15,26,1:37.359,97.359,38.132
10,16,16,1:37.379,97.379,38.653
10,17,33,1:37.249,97.249,40.125
10,18,4,1:35.801,95.801,43.343
10,19,63,1:38.982,98.982,46.166
10,20,88,1:39.224,99.224,57.153
11,1,77,1:34.649,94.649,
11,2,5,1:35.127,95.127,3.529
11,3,44,1:35.121,95.121,5.551
11,4,55,1:36.037,96.037,18.527
11,5,23,1:36.138,96.138,19.481
11,6,10,1:36.513,96.513,25.108
11,7,18,1:36.456,96.456,26.230
11,8,27,1:36.398,96.398,27.590
11,9,11,1:36.657,96.657,28.905
11,10,3,1:36.165,96.165,30.007
11,11,99,1:36.872,96.872,36.058
11,12,20,1:36.991,96.991,38.096
11,13,8,1:37.555,97.555,39.605
11,14,7,1:37.357,97.357,40.205
11,15,16,1:36.921,96.921,40.925
11,16,26,1:38.089,98.089,41.572
11,17,33,1:37.318,97.318,42.794
11,18,4,1:36.151,96.151,44.845
11,19,63,1:38.220,98.22,49.737
11,20,88,1:39.391,99.391,61.895
12,1,77,1:34.551,94.551,
12,2,5,1:35.059,95.059,4.037
12,3,44,1:34.762,94.762,5.762
12,4,55,1:36.063,96.063,20.039
12,5,23,1:36.090,96.09,21.020
12,6,10,1:36.373,96.373,26.930
12,7,18,1:36.464,96.464,28.143
12,8,27,1:36.814,96.814,29.853
12,9,11,1:36.755,96.755,31.109
12,10,3,1:36.548,96.548,32.004
12,11,99,1:37.309,97.309,38.816
12,12,20,1:37.333,97.333,40.878
12,13,8,1:37.274,97.274,42.328
12,14,7,1:37.267,97.267,42.921
12,15,16,1:36.978,96.978,43.352
12,16,26,1:37.436,97.436,44.457
12,17,33,1:37.371,97.371,45.614
12,18,4,1:36.641,96.641,46.935
12,19,63,1:38.287,98.287,53.473
12,20,88,1:39.513,99.513,66.857
13,1,77,1:34.608,94.608,
13,2,5,1:35.190,95.19,4.619
13,3,44,1:35.070,95.07,6.224
13,4,55,1:35.888,95.888,21.319
13,5,23,1:36.348,96.348,22.760
13,6,10,1:36.532,96.532,28.854
13,7,18,1:36.473,96.473,30.008
13,8,27,1:36.319,96.319,31.564
13,9,11,1:36.533,96.533,33.034
13,10,3,1:36.459,96.459,33.855
13,11,99,1:37.221,97.221,41.429
13,12,20,1:37.490,97.49,43.760
13,13,8,1:37.300,97.3,45.020
13,14,16,1:36.975,96.975,45.719
13,15,7,1:37.907,97.907,46.220
13,16,26,1:37.217,97.217,47.066
13,17,33,1:37.724,97.724,48.730
13,18,4,1:37.103,97.103,49.430
13,19,63,1:38.477,98.477,57.342
13,20,88,1:39.082,99.082,71.331
14,1,77,1:34.408,94.408,
14,2,5,1:35.518,95.518,5.729
14,3,44,1:34.938,94.938,6.754
14,4,55,1:36.199,96.199,23.110
14,5,23,1:36.322,96.322,24.674
14,6,10,1:36.394,96.394,30.840
14,7,18,1:36.469,96.469,32.069
14,8,27,1:36.298,96.298,33.454
14,9,11,1:36.631,96.631,35.257
14,10,3,1:36.236,96.236,35.683
14,11,99,1:36.962,96.962,43.983
14,12,20,1:37.199,97.199,46.551
14,13,16,1:36.009,96.009,47.320
14,14,8,1:37.962,97.962,48.574
14,15,26,1:36.894,96.894,49.552
14,16,7,1:38.491,98.491,50.303
14,17,4,1:37.578,97.578,52.600
14,18,33,1:39.949,99.949,PIT
14,19,63,1:38.527,98.527,61.461
14,20,88,1:38.812,98.812,75.735
15,1,77,1:34.546,94.546,
15,2,5,1:35.509,95.509,6.692
15,3,44,1:35.262,95.262,7.470
15,4,55,1:36.124,96.124,24.688
15,5,23,1:38.401,98.401,PIT
15,6,10,1:36.753,96.753,33.047
15,7,18,1:36.824,96.824,34.347
15,8,27,1:36.702,96.702,35.610
15,9,3,1:36.168,96.168,37.305
15,10,11,1:37.809,97.809,38.520
15,11,99,1:37.155,97.155,46.592
15,12,16,1:36.718,96.718,49.492
15,13,20,1:38.582,98.582,50.587
15,14,8,1:37.565,97.565,51.593
15,15,26,1:36.909,96.909,51.915
15,16,4,1:36.068,96.068,54.122
15,17,7,1:40.313,100.313,PIT
15,18,63,1:38.185,98.185,65.100
15,19,88,1:38.712,98.712,79.901
16,1,77,1:34.698,94.698,
16,2,44,1:35.597,95.597,8.369
16,3,5,1:38.208,98.208,PIT
16,4,55,1:36.298,96.298,26.288
16,5,10,1:36.807,96.807,35.156
16,6,18,1:36.599,96.599,36.248
16,7,27,1:36.525,96.525,37.437
16,8,3,1:36.544,96.544,39.151
16,9,11,1:36.513,96.513,40.335
16,10,23,1:53.192,113.192,47.023
16,11,99,1:37.992,97.992,49.886
16,12,16,1:35.812,95.812,50.606
16,13,20,1:37.700,97.7,53.589
16,14,26,1:36.737,96.737,53.954
16,15,4,1:36.842,96.842,56.266
16,16,8,1:41.398,101.398,PIT
16,17,63,1:38.175,98.175,68.577
16,18,7,1:57.010,117.01,78.382
16,19,88,1:39.329,99.329,84.532
17,1,77,1:36.449,96.449,PIT
17,2,44,1:34.707,94.707,6.627
17,3,55,1:36.132,96.132,25.971
17,4,5,1:53.529,113.529,27.282
17,5,10,1:36.873,96.873,35.580
17,6,18,1:36.947,96.947,36.746
17,7,27,1:36.704,96.704,37.692
17,8,3,1:36.536,96.536,39.238
17,9,11,1:36.792,96.792,40.678
17,10,23,1:33.959,93.959,44.533
17,11,99,1:37.412,97.412,50.849
17,12,16,1:37.155,97.155,51.312
17,13,26,1:35.923,95.923,53.428
17,14,4,1:36.560,96.56,56.377
17,15,20,1:40.843,100.843,PIT
17,16,63,1:37.752,97.752,69.880
17,17,8,1:54.853,114.853,76.697
17,18,7,1:36.070,96.07,78.003
17,19,88,1:38.953,98.953,87.036
18,1,44,1:34.908,94.908,
18,2,77,1:51.522,111.522,9.987
18,3,5,1:34.110,94.11,19.857
18,4,55,1:37.100,97.1,21.536
18,5,27,1:37.024,97.024,33.181
18,6,10,1:39.231,99.231,PIT
18,7,3,1:36.807,96.807,34.510
18,8,18,1:39.403,99.403,PIT
18,9,11,1:36.785,96.785,35.928
18,10,23,1:34.437,94.437,37.435
18,11,16,1:35.660,95.66,45.437
18,12,26,1:36.519,96.519,48.412
18,13,99,1:40.740,100.74,PIT
18,14,4,1:36.083,96.083,50.925
18,15,63,1:37.437,97.437,65.782
18,16,8,1:34.988,94.988,70.150
18,17,7,1:36.031,96.031,72.499
18,18,20,1:56.677,116.677,73.125
18,19,88,1:39.205,99.205,84.706
19,1,44,1:35.223,95.223,
19,2,77,1:32.137,92.137,6.901
19,3,5,1:33.141,93.141,17.775
19,4,55,1:36.461,96.461,22.774
19,5,3,1:36.331,96.331,35.618
19,6,27,1:38.582,98.582,PIT
19,7,23,1:34.817,94.817,37.029
19,8,11,1:39.894,99.894,PIT
19,9,16,1:35.276,95.276,45.490
19,10,26,1:36.226,96.226,49.415
19,11,4,1:36.111,96.111,51.813
19,12,10,1:55.704,115.704,53.757
19,13,18,1:55.171,115.171,54.562
19,14,63,1:37.396,97.396,67.955
19,15,8,1:35.547,95.547,70.474
19,16,99,1:57.415,117.415,72.246
19,17,7,1:36.215,96.215,73.491
19,18,20,1:36.402,96.402,74.304
19,19,88,1:39.616,99.616,89.099
20,1,44,1:35.350,95.35,
20,2,77,1:32.689,92.689,4.240
20,3,5,1:33.020,93.02,15.445
20,4,55,1:36.180,96.18,23.604
20,5,3,1:36.046,96.046,36.314
20,6,23,1:34.942,94.942,36.621
20,7,16,1:35.193,95.193,45.333
20,8,26,1:36.032,96.032,50.097
20,9,4,1:35.848,95.848,52.311
20,10,10,1:35.554,95.554,53.961
20,11,18,1:35.622,95.622,54.834
20,12,27,1:56.138,116.138,57.328
20,13,11,1:54.627,114.627,59.876
20,14,63,1:37.027,97.027,69.632
20,15,8,1:35.660,95.66,70.784
20,16,99,1:35.504,95.504,72.400
20,17,7,1:36.362,96.362,74.503
20,18,20,1:36.347,96.347,75.301
20,19,88,1:39.245,99.245,92.994
21,1,77,1:32.957,92.957,
21,2,44,1:38.272,98.272,PIT
21,3,5,1:33.319,93.319,11.567
21,4,55,1:36.526,96.526,22.933
21,5,23,1:34.209,94.209,33.633
21,6,3,1:37.325,97.325,36.442
21,7,16,1:35.373,95.373,43.509
21,8,26,1:37.696,97.696,50.596
21,9,4,1:36.612,96.612,51.726
21,10,10,1:36.178,96.178,52.942
21,11,18,1:36.293,96.293,53.930
21,12,27,1:35.725,95.725,55.856
21,13,11,1:35.407,95.407,58.086
21,14,63,1:37.461,97.461,69.896
21,15,8,1:37.006,97.006,70.593
21,16,99,1:36.036,96.036,71.239
21,17,7,1:36.308,96.308,73.614
21,18,20,1:36.474,96.474,74.578
22,1,77,1:33.524,93.524,
22,2,88,1:40.732,100.732,1 LAP
22,3,5,1:33.519,93.519,11.562
22,4,44,1:53.893,113.893,21.444
22,5,55,1:37.029,97.029,26.438
22,6,23,1:34.714,94.714,34.823
22,7,3,1:36.721,96.721,39.639
22,8,16,1:35.332,95.332,45.317
22,9,26,1:36.605,96.605,53.677
22,10,4,1:36.552,96.552,54.754
22,11,10,1:36.372,96.372,55.790
22,12,18,1:36.246,96.246,56.652
22,13,27,1:35.799,95.799,58.131
22,14,11,1:35.573,95.573,60.135
22,15,63,1:37.449,97.449,73.821
22,16,8,1:37.385,97.385,74.454
22,17,99,1:37.115,97.115,74.830
22,18,7,1:36.417,96.417,76.507
22,19,20,1:36.806,96.806,77.860
23,1,77,1:33.210,93.21,
23,2,5,1:33.273,93.273,11.625
23,3,88,1:42.435,102.435,PIT
23,4,44,1:32.874,92.874,21.108
23,5,55,1:36.415,96.415,29.643
23,6,23,1:34.414,94.414,36.027
23,7,3,1:36.795,96.795,43.224
23,8,16,1:35.425,95.425,47.532
23,9,26,1:37.108,97.108,57.575
23,10,4,1:37.348,97.348,58.892
23,11,10,1:36.501,96.501,59.081
23,12,18,1:36.360,96.36,59.802
23,13,27,1:36.243,96.243,61.164
23,14,11,1:35.758,95.758,62.683
23,15,8,1:35.609,95.609,76.853
23,16,99,1:37.738,97.738,79.358
23,17,7,1:37.494,97.494,80.791
23,18,63,1:40.934,100.934,81.545
23,19,20,1:37.191,97.191,81.841
24,1,77,1:33.309,93.309,
24,2,5,1:33.386,93.386,11.702
24,3,44,1:32.763,92.763,20.562
24,4,55,1:36.693,96.693,33.027
24,5,23,1:34.386,94.386,37.104
24,6,88,2:03.231,123.231,1 LAP
24,7,3,1:36.570,96.57,46.485
24,8,16,1:35.980,95.98,50.203
24,9,26,1:36.988,96.988,61.254
24,10,10,1:35.979,95.979,61.751
24,11,4,1:37.777,97.777,63.360
24,12,18,1:37.205,97.205,63.698
24,13,27,1:36.130,96.13,63.985
24,14,11,1:35.559,95.559,64.933
24,15,8,1:36.795,96.795,80.339
24,16,99,1:36.100,96.1,82.149
24,17,7,1:36.436,96.436,83.918
24,18,20,1:36.545,96.545,85.077
24,19,63,1:39.143,99.143,87.379
25,1,77,1:33.513,93.513,
25,2,5,1:33.543,93.543,11.732
25,3,44,1:33.075,93.075,20.124
25,4,55,1:36.983,96.983,36.497
25,5,23,1:35.056,95.056,38.647
25,6,88,1:37.065,97.065,1 LAP
25,7,3,1:37.066,97.066,50.038
25,8,16,1:39.203,99.203,PIT
25,9,10,1:35.448,95.448,63.686
25,10,26,1:38.450,98.45,66.191
25,11,18,1:36.373,96.373,66.558
25,12,27,1:36.621,96.621,67.093
25,13,11,1:37.647,97.647,69.067
25,14,4,1:41.533,101.533,PIT
25,15,8,1:36.116,96.116,82.942
25,16,99,1:36.315,96.315,84.951
25,17,7,1:36.472,96.472,86.877
25,18,20,1:36.656,96.656,88.220
26,1,77,1:33.937,93.937,
26,2,63,1:40.548,100.548,PIT
26,3,5,1:33.537,93.537,11.332
26,4,44,1:33.175,93.175,19.362
26,5,23,1:34.940,94.94,39.650
26,6,55,1:40.522,100.522,PIT
26,7,88,1:37.742,97.742,1 LAP
26,8,3,1:37.431,97.431,53.532
26,9,10,1:35.386,95.386,65.135
26,10,18,1:34.713,94.713,67.334
26,11,26,1:38.486,98.486,70.740
26,12,27,1:37.673,97.673,70.829
26,13,11,1:36.044,96.044,71.174
26,14,16,1:53.364,113.364,75.320
26,15,8,1:35.749,95.749,84.754
26,16,99,1:36.106,96.106,87.120
26,17,7,1:36.061,96.061,89.001
26,18,20,1:36.431,96.431,90.714
27,1,77,1:34.002,94.002,
27,2,4,1:58.225,118.225,1 LAP
27,3,5,1:33.421,93.421,10.751
27,4,44,1:33.028,93.028,18.388
27,5,63,1:57.869,117.869,1 LAP
27,6,23,1:34.305,94.305,39.953
27,7,88,1:38.261,98.261,1 LAP
27,8,3,1:37.328,97.328,56.858
27,9,55,1:54.282,114.282,63.362
27,10,10,1:35.659,95.659,66.792
27,11,18,1:35.115,95.115,68.447
27,12,27,1:34.928,94.928,71.755
27,13,11,1:35.644,95.644,72.816
27,14,16,1:33.687,93.687,75.005
27,15,26,1:42.118,102.118,PIT
27,16,8,1:35.546,95.546,86.298
27,17,99,1:36.136,96.136,89.254
27,18,7,1:35.870,95.87,90.869
27,19,20,1:36.402,96.402,93.114
28,1,77,1:33.582,93.582,
28,2,4,1:34.756,94.756,1 LAP
28,3,5,1:33.699,93.699,10.868
28,4,44,1:32.824,92.824,17.630
28,5,63,1:35.458,95.458,1 LAP
28,6,23,1:34.406,94.406,40.777
28,7,88,1:38.277,98.277,1 LAP
28,8,3,1:37.491,97.491,60.767
28,9,55,1:34.646,94.646,64.426
28,10,10,1:35.464,95.464,68.674
28,11,18,1:35.322,95.322,70.187
28,12,27,1:35.096,95.096,73.269
28,13,11,1:35.017,95.017,74.251
28,14,16,1:33.973,93.973,75.396
28,15,8,1:35.773,95.773,88.489
28,16,99,1:35.971,95.971,91.643
29,1,77,1:33.420,93.42,
29,2,7,1:37.930,97.93,1 LAP
29,3,20,1:37.846,97.846,1 LAP
29,4,4,1:35.207,95.207,1 LAP
29,5,26,1:55.952,115.952,1 LAP
29,6,5,1:34.033,94.033,11.481
29,7,44,1:32.800,92.8,17.010
29,8,63,1:35.603,95.603,1 LAP
29,9,23,1:34.496,94.496,41.853
29,10,88,1:38.620,98.62,1 LAP
29,11,55,1:34.604,94.604,65.610
29,12,3,1:40.221,100.221,PIT
29,13,10,1:35.452,95.452,70.706
29,14,18,1:35.750,95.75,72.517
29,15,27,1:35.116,95.116,74.965
29,16,11,1:34.881,94.881,75.712
29,17,16,1:34.248,94.248,76.224
29,18,8,1:35.696,95.696,90.765
30,1,77,1:34.530,94.53,
30,2,99,1:37.245,97.245,1 LAP
30,3,7,1:35.640,95.64,1 LAP
30,4,20,1:36.190,96.19,1 LAP
30,5,4,1:36.078,96.078,1 LAP
30,6,26,1:34.228,94.228,1 LAP
30,7,5,1:33.714,93.714,10.665
30,8,44,1:32.738,92.738,15.218
30,9,63,1:35.626,95.626,1 LAP
30,10,23,1:34.501,94.501,41.824
30,11,55,1:34.975,94.975,66.055
30,12,88,1:39.546,99.546,1 LAP
30,13,10,1:35.549,95.549,71.725
30,14,18,1:35.758,95.758,73.745
30,15,27,1:35.273,95.273,75.708
30,16,16,1:34.724,94.724,76.418
30,17,11,1:36.033,96.033,77.215
30,18,3,1:54.884,114.884,87.922
30,19,8,1:35.909,95.909,92.144
31,1,77,1:33.450,93.45,
31,2,99,1:35.932,95.932,1 LAP
31,3,7,1:36.031,96.031,1 LAP
31,4,20,1:36.169,96.169,1 LAP
31,5,4,1:36.062,96.062,1 LAP
31,6,26,1:35.324,95.324,1 LAP
31,7,44,1:33.025,93.025,14.793
31,8,5,1:37.594,97.594,PIT
31,9,63,1:35.741,95.741,1 LAP
31,10,23,1:34.512,94.512,42.886
31,11,55,1:34.614,94.614,67.219
31,12,88,1:38.553,98.553,1 LAP
31,13,10,1:36.125,96.125,74.400
31,14,18,1:35.698,95.698,75.993
31,15,16,1:34.949,94.949,77.917
31,16,27,1:36.431,96.431,78.689
31,17,11,1:35.868,95.868,79.633
31,18,3,1:34.297,94.297,88.769
32,1,77,1:33.909,93.909,
32,2,8,1:37.916,97.916,1 LAP
32,3,99,1:36.011,96.011,1 LAP
32,4,7,1:35.684,95.684,1 LAP
32,5,4,1:34.116,94.116,1 LAP
32,6,26,1:35.133,95.133,1 LAP
32,7,20,1:37.943,97.943,1 LAP
32,8,44,1:32.513,92.513,13.397
32,9,5,1:52.791,112.791,33.691
32,10,63,1:36.961,96.961,1 LAP
32,11,23,1:34.325,94.325,43.302
32,12,55,1:34.220,94.22,67.530
32,13,10,1:35.470,95.47,75.961
32,14,18,1:35.597,95.597,77.681
32,15,16,1:34.194,94.194,78.202
32,16,27,1:35.339,95.339,80.119
32,17,11,1:35.259,95.259,80.983
32,18,88,1:43.629,103.629,1 LAP
32,19,3,1:34.112,94.112,88.972
33,1,77,1:33.166,93.166,
33,2,8,1:35.836,95.836,1 LAP
33,3,99,1:35.891,95.891,1 LAP
33,4,7,1:36.193,96.193,1 LAP
33,5,4,1:35.189,95.189,1 LAP
33,6,26,1:34.777,94.777,1 LAP
33,7,44,1:33.065,93.065,13.296
33,8,20,1:38.538,98.538,1 LAP
33,9,5,1:32.192,92.192,32.717
33,10,63,1:35.940,95.94,1 LAP
33,11,23,1:34.352,94.352,44.488
33,12,55,1:34.623,94.623,68.987
33,13,10,1:35.637,95.637,78.432
33,14,16,1:34.022,94.022,79.058
33,15,18,1:36.182,96.182,80.697
33,16,27,1:35.377,95.377,82.330
33,17,11,1:35.698,95.698,83.515
33,18,88,1:38.398,98.398,1 LAP
33,19,3,1:34.124,94.124,89.930
34,1,77,1:33.185,93.185,
34,2,8,1:35.935,95.935,1 LAP
34,3,99,1:35.979,95.979,1 LAP
34,4,7,1:36.634,96.634,1 LAP
34,5,4,1:36.276,96.276,1 LAP
34,6,44,1:34.503,94.503,14.614
34,7,26,1:36.754,96.754,1 LAP
34,8,20,1:36.577,96.577,1 LAP
34,9,5,1:32.405,92.405,31.937
34,10,63,1:35.977,95.977,1 LAP
34,11,23,1:36.582,96.582,PIT
34,12,55,1:34.623,94.623,70.425
34,13,16,1:35.362,95.362,81.235
34,14,10,1:36.889,96.889,82.136
34,15,18,1:35.807,95.807,83.319
34,16,27,1:35.324,95.324,84.469
34,17,11,1:35.297,95.297,85.627
34,18,3,1:34.303,94.303,91.048
35,1,77,1:34.021,94.021,
35,2,88,1:43.586,103.586,PIT
35,3,8,1:35.918,95.918,1 LAP
35,4,99,1:36.363,96.363,1 LAP
35,5,44,1:33.224,93.224,13.817
35,6,4,1:35.882,95.882,1 LAP
35,7,26,1:35.666,95.666,1 LAP
35,8,7,1:38.548,98.548,1 LAP
35,9,20,1:36.576,96.576,1 LAP
35,10,5,1:32.609,92.609,30.525
35,11,63,1:35.780,95.78,1 LAP
35,12,23,1:53.575,113.575,67.439
35,13,55,1:34.413,94.413,70.817
35,14,16,1:33.160,93.16,80.374
35,15,10,1:35.739,95.739,83.854
35,16,18,1:35.751,95.751,85.049
35,17,27,1:35.560,95.56,86.008
35,18,11,1:35.278,95.278,86.884
35,19,3,1:34.254,94.254,91.281
36,1,77,1:35.853,95.853,PIT
36,2,8,1:35.913,95.913,1 LAP
36,3,44,1:32.540,92.54,10.504
36,4,99,1:36.919,96.919,1 LAP
36,5,4,1:35.326,95.326,1 LAP
36,6,26,1:34.912,94.912,1 LAP
36,7,7,1:36.925,96.925,1 LAP
36,8,20,1:35.950,95.95,1 LAP
36,9,88,1:57.831,117.831,2 LAPS
36,10,5,1:32.937,92.937,27.609
36,11,63,1:35.795,95.795,1 LAP
36,12,23,1:32.775,92.775,64.361
36,13,55,1:34.197,94.197,69.161
36,14,16,1:32.794,92.794,77.315
36,15,10,1:35.700,95.7,83.701
36,16,18,1:35.599,95.599,84.795
36,17,27,1:35.497,95.497,85.652
36,18,11,1:35.474,95.474,86.505
36,19,3,1:34.649,94.649,90.077
37,1,44,1:32.551,92.551,
37,2,8,1:37.434,97.434,1 LAP
37,3,99,1:35.594,95.594,1 LAP
37,4,4,1:35.158,95.158,1 LAP
37,5,26,1:34.997,94.997,1 LAP
37,6,77,1:52.033,112.033,8.978
37,7,7,1:39.631,99.631,PIT
37,8,20,1:36.032,96.032,1 LAP
37,9,5,1:32.820,92.82,17.374
37,10,88,1:38.179,98.179,2 LAPS
37,11,63,1:36.250,96.25,1 LAP
37,12,23,1:33.399,93.399,54.705
37,13,55,1:33.864,93.864,59.970
37,14,16,1:32.785,92.785,67.045
37,15,10,1:35.486,95.486,76.132
37,16,18,1:35.436,95.436,77.176
37,17,27,1:35.235,95.235,77.832
37,18,11,1:35.473,95.473,78.923
37,19,3,1:34.713,94.713,81.735
38,1,44,1:32.605,92.605,
38,2,8,1:36.001,96.001,1 LAP
38,3,77,1:32.565,92.565,8.938
38,4,99,1:37.440,97.44,1 LAP
38,5,4,1:37.283,97.283,1 LAP
38,6,26,1:36.797,96.797,1 LAP
38,7,5,1:32.122,92.122,16.891
38,8,20,1:37.338,97.338,1 LAP
38,9,88,1:36.345,96.345,2 LAPS
38,10,7,1:53.786,113.786,1 LAP
38,11,63,1:37.624,97.624,1 LAP
38,12,23,1:33.583,93.583,55.683
38,13,55,1:33.789,93.789,61.154
38,14,16,1:33.293,93.293,67.733
38,15,10,1:35.498,95.498,79.025
38,16,18,1:35.568,95.568,80.139
38,17,27,1:35.508,95.508,80.735
38,18,11,1:35.609,95.609,81.927
38,19,3,1:34.669,94.669,83.799
39,1,44,1:32.646,92.646,
39,2,77,1:32.894,92.894,9.186
39,3,8,1:37.986,97.986,1 LAP
39,4,4,1:34.529,94.529,1 LAP
39,5,26,1:36.034,96.034,1 LAP
39,6,99,1:38.080,98.08,1 LAP
39,7,5,1:33.351,93.351,17.596
39,8,20,1:36.103,96.103,1 LAP
39,9,88,1:37.112,97.112,2 LAPS
39,10,7,1:33.360,93.36,1 LAP
39,11,63,1:36.087,96.087,1 LAP
39,12,23,1:33.570,93.57,56.607
39,13,55,1:33.804,93.804,62.312
39,14,16,1:33.311,93.311,68.398
39,15,10,1:35.395,95.395,81.774
39,16,18,1:35.416,95.416,82.909
39,17,27,1:35.564,95.564,83.653
39,18,11,1:35.728,95.728,85.009
39,19,3,1:34.658,94.658,85.811
40,1,44,1:32.841,92.841,
40,2,77,1:32.656,92.656,9.001
40,3,8,1:36.185,96.185,1 LAP
40,4,4,1:35.731,95.731,1 LAP
40,5,5,1:33.495,93.495,18.250
40,6,26,1:36.231,96.231,1 LAP
40,7,99,1:37.274,97.274,1 LAP
40,8,20,1:36.226,96.226,1 LAP
40,9,88,1:37.649,97.649,2 LAPS
40,10,7,1:33.543,93.543,1 LAP
40,11,63,1:36.549,96.549,1 LAP
40,12,23,1:33.644,93.644,57.410
40,13,55,1:33.608,93.608,63.079
40,14,16,1:33.579,93.579,69.136
40,15,10,1:35.330,95.33,84.263
40,16,18,1:35.312,95.312,85.380
40,17,27,1:35.318,95.318,86.130
40,18,11,1:35.295,95.295,87.463
40,19,3,1:34.885,94.885,87.855
41,1,44,1:33.097,93.097,
41,2,77,1:32.484,92.484,8.388
41,3,5,1:33.350,93.35,18.503
41,4,4,1:35.356,95.356,1 LAP
41,5,26,1:35.727,95.727,1 LAP
41,6,8,1:40.359,100.359,1 LAP
41,7,99,1:36.398,96.398,1 LAP
41,8,20,1:35.927,95.927,1 LAP
41,9,7,1:34.553,94.553,1 LAP
41,10,88,1:38.871,98.871,2 LAPS
41,11,63,1:36.591,96.591,1 LAP
41,12,23,1:33.717,93.717,58.030
41,13,55,1:33.708,93.708,63.690
41,14,16,1:33.573,93.573,69.612
41,15,10,1:35.500,95.5,86.666
41,16,18,1:35.449,95.449,87.732
41,17,27,1:35.318,95.318,88.351
41,18,3,1:34.366,94.366,89.124
41,19,11,1:38.643,98.643,PIT
42,1,44,1:35.867,95.867,PIT
42,2,77,1:32.494,92.494,5.015
42,3,5,1:32.361,92.361,14.997
42,4,4,1:34.746,94.746,1 LAP
42,5,26,1:34.883,94.883,1 LAP
42,6,8,1:36.750,96.75,1 LAP
42,7,99,1:36.821,96.821,1 LAP
42,8,20,1:36.209,96.209,1 LAP
42,9,7,1:33.908,93.908,1 LAP
42,10,88,1:37.620,97.62,2 LAPS
42,11,63,1:36.034,96.034,1 LAP
42,12,23,1:33.640,93.64,55.803
42,13,55,1:33.592,93.592,61.415
42,14,16,1:33.471,93.471,67.216
42,15,10,1:35.322,95.322,86.121
42,16,18,1:35.396,95.396,87.261
42,17,27,1:35.350,95.35,87.834
42,18,3,1:35.067,95.067,88.324
43,1,77,1:32.333,92.333,
43,2,5,1:32.733,92.733,10.382
43,3,11,1:52.784,112.784,1 LAP
43,4,44,1:52.303,112.303,14.955
43,5,4,1:36.368,96.368,1 LAP
43,6,26,1:34.970,94.97,1 LAP
43,7,8,1:36.130,96.13,1 LAP
43,8,99,1:36.014,96.014,1 LAP
43,9,20,1:36.150,96.15,1 LAP
43,10,7,1:34.245,94.245,1 LAP
43,11,88,1:37.438,97.438,2 LAPS
43,12,63,1:36.166,96.166,1 LAP
43,13,23,1:33.735,93.735,52.190
43,14,55,1:33.677,93.677,57.744
43,15,16,1:33.858,93.858,63.726
43,16,10,1:35.321,95.321,84.094
43,17,18,1:35.345,95.345,85.258
43,18,27,1:35.316,95.316,85.802
43,19,3,1:35.199,95.199,86.175
44,1,77,1:32.204,92.204,
44,2,5,1:32.701,92.701,10.879
44,3,11,1:33.336,93.336,1 LAP
44,4,44,1:31.538,91.538,14.289
44,5,4,1:34.428,94.428,1 LAP
44,6,26,1:34.172,94.172,1 LAP
44,7,8,1:35.918,95.918,1 LAP
44,8,99,1:36.104,96.104,1 LAP
44,9,20,1:35.959,95.959,1 LAP
44,10,7,1:34.884,94.884,1 LAP
44,11,88,1:36.495,96.495,2 LAPS
44,12,23,1:33.497,93.497,53.483
44,13,63,1:38.643,98.643,1 LAP
44,14,55,1:33.741,93.741,59.281
44,15,16,1:33.799,93.799,65.321
44,16,10,1:35.484,95.484,87.374
44,17,3,1:35.337,95.337,89.308
44,18,18,1:36.306,96.306,89.360
44,19,27,1:36.483,96.483,90.081
45,1,77,1:32.409,92.409,
45,2,5,1:32.504,92.504,10.974
45,3,44,1:30.983,90.983,12.863
45,4,11,1:33.560,93.56,1 LAP
45,5,4,1:34.515,94.515,1 LAP
45,6,26,1:34.370,94.37,1 LAP
45,7,8,1:36.802,96.802,1 LAP
45,8,99,1:35.842,95.842,1 LAP
45,9,20,1:36.235,96.235,1 LAP
45,10,7,1:34.036,94.036,1 LAP
45,11,88,1:36.537,96.537,2 LAPS
45,12,23,1:33.370,93.37,54.444
45,13,55,1:34.037,94.037,60.909
45,14,63,1:38.120,98.12,1 LAP
45,15,16,1:35.286,95.286,68.198
45,16,10,1:35.385,95.385,90.350
45,17,3,1:33.965,93.965,90.864
45,18,18,1:36.153,96.153,93.104
46,1,77,1:33.553,93.553,
46,2,27,1:36.985,96.985,1 LAP
46,3,5,1:32.646,92.646,10.067
46,4,44,1:31.635,91.635,10.945
46,5,11,1:32.747,92.747,1 LAP
46,6,4,1:34.480,94.48,1 LAP
46,7,26,1:34.418,94.418,1 LAP
46,8,8,1:36.187,96.187,1 LAP
46,9,99,1:36.801,96.801,1 LAP
46,10,7,1:34.771,94.771,1 LAP
46,11,20,1:37.950,97.95,1 LAP
46,12,88,1:36.332,96.332,2 LAPS
46,13,23,1:33.628,93.628,54.519
46,14,55,1:33.563,93.563,60.919
46,15,63,1:37.329,97.329,1 LAP
46,16,16,1:36.816,96.816,PIT
46,17,10,1:36.277,96.277,93.074
47,1,77,1:33.216,93.216,
47,2,3,1:36.782,96.782,1 LAP
47,3,18,1:36.587,96.587,1 LAP
47,4,27,1:35.391,95.391,1 LAP
47,5,5,1:32.772,92.772,9.623
47,6,44,1:32.329,92.329,10.058
47,7,11,1:32.621,92.621,1 LAP
47,8,4,1:34.957,94.957,1 LAP
47,9,26,1:34.369,94.369,1 LAP
47,10,8,1:35.946,95.946,1 LAP
47,11,99,1:36.193,96.193,1 LAP
47,12,7,1:33.876,93.876,1 LAP
47,13,20,1:36.827,96.827,1 LAP
47,14,23,1:33.210,93.21,54.513
47,15,88,1:37.866,97.866,2 LAPS
47,16,55,1:33.691,93.691,61.394
47,17,63,1:37.007,97.007,1 LAP
48,1,77,1:32.267,92.267,
48,2,16,1:55.048,115.048,1 LAP
48,3,10,1:36.946,96.946,1 LAP
48,4,3,1:36.151,96.151,1 LAP
48,5,27,1:34.921,94.921,1 LAP
48,6,18,1:36.928,96.928,1 LAP
48,7,5,1:32.830,92.83,10.186
48,8,44,1:33.065,93.065,10.856
48,9,11,1:32.846,92.846,1 LAP
48,10,26,1:33.239,93.239,1 LAP
48,11,4,1:36.011,96.011,1 LAP
48,12,8,1:36.308,96.308,1 LAP
48,13,99,1:36.533,96.533,1 LAP
48,14,7,1:34.226,94.226,1 LAP
48,15,20,1:38.974,98.974,PIT
48,16,23,1:33.397,93.397,55.643
48,17,55,1:34.362,94.362,63.489
48,18,88,1:37.730,97.73,2 LAPS
48,19,63,1:36.878,96.878,1 LAP
49,1,77,1:31.862,91.862,
49,2,16,1:31.611,91.611,1 LAP
49,3,3,1:33.481,93.481,1 LAP
49,4,10,1:36.578,96.578,1 LAP
49,5,27,1:35.990,95.99,1 LAP
49,6,5,1:33.637,93.637,11.961
49,7,44,1:33.510,93.51,12.504
49,8,18,1:37.765,97.765,1 LAP
49,9,11,1:33.455,93.455,1 LAP
49,10,26,1:33.692,93.692,1 LAP
49,11,4,1:34.997,94.997,1 LAP
49,12,8,1:36.219,96.219,1 LAP
49,13,7,1:34.808,94.808,1 LAP
49,14,99,1:38.143,98.143,1 LAP
49,15,23,1:33.505,93.505,57.286
49,16,55,1:34.029,94.029,65.656
49,17,88,1:37.510,97.51,2 LAPS
49,18,20,1:57.551,117.551,1 LAP
49,19,63,1:38.237,98.237,1 LAP
50,1,77,1:32.505,92.505,
50,2,16,1:33.305,93.305,1 LAP
50,3,3,1:34.563,94.563,1 LAP
50,4,10,1:36.791,96.791,1 LAP
50,5,5,1:34.660,94.66,14.116
50,6,44,1:34.357,94.357,14.356
50,7,27,1:37.445,97.445,1 LAP
50,8,11,1:33.950,93.95,1 LAP
50,9,18,1:37.212,97.212,1 LAP
50,10,26,1:33.655,93.655,1 LAP
50,11,4,1:34.895,94.895,1 LAP
50,12,8,1:36.751,96.751,1 LAP
50,13,7,1:36.254,96.254,1 LAP
50,14,99,1:39.419,99.419,PIT
50,15,23,1:33.609,93.609,58.390
50,16,55,1:34.097,94.097,67.248
50,17,88,1:37.062,97.062,2 LAPS
50,18,20,1:31.732,91.732,1 LAP
50,19,63,1:37.883,97.883,1 LAP
51,1,77,1:32.736,92.736,
51,2,16,1:34.190,94.19,1 LAP
51,3,3,1:34.178,94.178,1 LAP
51,4,5,1:32.526,92.526,13.906
51,5,44,1:32.943,92.943,14.563
51,6,10,1:38.157,98.157,1 LAP
51,7,27,1:37.154,97.154,1 LAP
51,8,11,1:35.361,95.361,1 LAP
51,9,18,1:36.892,96.892,1 LAP
51,10,26,1:33.712,93.712,1 LAP
51,11,4,1:35.040,95.04,1 LAP
51,12,7,1:33.190,93.19,1 LAP
51,13,8,1:37.287,97.287,1 LAP
51,14,23,1:33.312,93.312,58.966
51,15,55,1:33.955,93.955,68.467
51,16,99,1:54.240,114.24,1 LAP
51,17,20,1:33.807,93.807,1 LAP
51,18,88,1:38.753,98.753,2 LAPS
51,19,63,1:37.113,97.113,1 LAP
52,1,77,1:33.186,93.186,
52,2,16,1:35.133,95.133,1 LAP
52,3,3,1:34.009,94.009,1 LAP
52,4,5,1:32.623,92.623,13.343
52,5,44,1:32.481,92.481,13.858
52,6,10,1:37.266,97.266,1 LAP
52,7,11,1:36.894,96.894,1 LAP
52,8,27,1:37.792,97.792,1 LAP
52,9,18,1:37.482,97.482,1 LAP
52,10,26,1:34.005,94.005,1 LAP
52,11,4,1:35.210,95.21,1 LAP
52,12,7,1:33.724,93.724,1 LAP
52,13,8,1:36.815,96.815,1 LAP
52,14,23,1:33.757,93.757,59.537
52,15,55,1:33.820,93.82,69.101
52,16,99,1:32.369,92.369,1 LAP
52,17,20,1:33.223,93.223,1 LAP
52,18,88,1:37.889,97.889,2 LAPS
